atr_mult,rebound,vol_block,atr_fast,final,dd,months,med,yup,ruin
4.6,0.55,0.8,25,1517.6137798012696,17.440048530833113,66.96035242290749,6.40988917530303,19,False
4.6,0.55,0.8,30,1406.8659539930313,14.718299776926536,59.471365638766514,8.437303617002767,18,False
4.6,0.55,0.8,35,1332.8088434997217,15.510982777111318,63.436123348017624,9.959037908108703,18,False
4.6,0.55,0.9,25,1299.8196351255908,15.395449200940575,64.31718061674009,5.834086418337581,19,False
4.6,0.55,0.9,30,1314.0696681909658,17.016161140918605,60.792951541850215,8.46242226199676,19,False
4.6,0.55,0.9,35,1376.52036882263,15.59673753999841,56.82819383259912,5.3908383573016305,18,False
4.6,0.55,1.0,25,1312.7171135892513,15.738111444016829,59.03083700440529,6.081333116843157,19,False
4.6,0.55,1.0,30,995.2916687766724,20.207768009186974,55.50660792951542,5.51832244038144,16,False
4.6,0.55,1.0,35,1174.2525320998895,22.565063234006068,59.03083700440529,4.183102103878267,19,False
4.6,0.65,0.8,25,1574.4795731904542,15.605536335352191,65.19823788546255,7.544352430895573,18,False
4.6,0.65,0.8,30,1607.4919049159143,16.5404002732781,65.19823788546255,8.218850991073623,19,False
4.6,0.65,0.8,35,1297.738707699216,18.10010086164219,62.99559471365639,10.0449893349005,19,False
4.6,0.65,0.9,25,1486.803170458791,15.048700572040882,63.87665198237885,5.094849045396366,19,False
4.6,0.65,0.9,30,1689.0722734012961,15.843614579169687,63.436123348017624,7.7757148216206495,18,False
4.6,0.65,0.9,35,1302.781580280948,16.577597406580832,57.70925110132159,9.552301673798723,18,False
4.6,0.65,1.0,25,1292.0265880913685,13.699988557578843,62.11453744493392,5.490902048852098,18,False
4.6,0.65,1.0,30,1393.2327948874952,18.592918994444496,63.87665198237885,8.04475605017878,19,False
4.6,0.65,1.0,35,1121.9173138484093,17.012725464731947,59.03083700440529,6.458044493477577,18,False
4.6,0.75,0.8,25,1399.8157453090178,17.116360171787097,64.31718061674009,7.795181406624696,18,False
4.6,0.75,0.8,30,1469.4401562176058,14.369873077406206,62.99559471365639,5.122834501280593,19,False
4.6,0.75,0.8,35,1455.7204559990178,17.319044887787484,69.16299559471366,7.688353339761345,19,False
4.6,0.75,0.9,25,1404.0372387044324,17.169720186659955,63.436123348017624,3.7203967245271086,17,False
4.6,0.75,0.9,30,1421.1849525671596,15.683786319345517,62.11453744493392,3.7853086535390768,18,False
4.6,0.75,0.9,35,1348.3257793162293,17.738600091153756,63.87665198237885,9.927322698919049,19,False
4.6,0.75,1.0,25,1479.89232855351,17.1142837312506,65.19823788546255,5.201544290582594,19,False
4.6,0.75,1.0,30,1112.580743566646,18.035957814577568,62.11453744493392,6.3169035846648125,18,False
4.6,0.75,1.0,35,1379.0126329143973,15.058934454485707,63.436123348017624,6.213011258637291,18,False
5.0,0.55,0.8,25,1651.7581663865521,18.17278104369904,65.63876651982379,8.176073332760868,19,False
5.0,0.55,0.8,30,1643.1830565517998,12.316338174239132,67.84140969162996,5.783569047040449,19,False
5.0,0.55,0.8,35,1643.7806891771634,13.250138013362081,65.63876651982379,7.83298352992412,19,False
5.0,0.55,0.9,25,1290.9966107526297,17.77749662236937,62.99559471365639,8.565756663794621,18,False
5.0,0.55,0.9,30,1608.4322678987746,14.479420987029387,64.31718061674009,5.305340940602732,18,False
5.0,0.55,0.9,35,1412.819729070154,15.093667220852685,64.75770925110133,6.1463828901314965,19,False
5.0,0.55,1.0,25,1611.4352331932787,16.9518370998015,69.16299559471366,9.914662640860495,19,False
5.0,0.55,1.0,30,1132.646502232065,15.222720504780987,55.947136563876654,6.411932979688162,19,False
5.0,0.55,1.0,35,1075.4039223190869,15.304651150906542,59.91189427312775,6.158229338791532,18,False
5.0,0.65,0.8,25,1734.6961002101027,17.77185442247863,67.40088105726872,7.824211004795334,19,False
5.0,0.65,0.8,30,1644.8793254544378,12.531103786247078,62.11453744493392,6.971727833363661,18,False
5.0,0.65,0.8,35,1504.922208737415,13.286278424553622,65.63876651982379,9.932680733843636,18,False
5.0,0.65,0.9,25,1679.2199302612496,17.374976710791444,65.63876651982379,7.250790074806623,18,False
5.0,0.65,0.9,30,1552.1202315419162,13.644135833000684,61.67400881057269,6.279308011345774,19,False
5.0,0.65,0.9,35,1269.4842923813192,14.08261878734617,64.75770925110133,5.178601118333193,19,False
5.0,0.65,1.0,25,1274.3775770647876,16.915937327919583,64.75770925110133,7.935061475499405,17,False
5.0,0.65,1.0,30,1533.324750210385,13.00124156810955,66.96035242290749,8.128255860018463,18,False
5.0,0.65,1.0,35,1130.6427064769175,17.06789082344433,61.23348017621145,9.376367015656406,16,False
5.0,0.75,0.8,25,1560.9787643393136,17.936675471394462,63.87665198237885,7.590791597853097,18,False
5.0,0.75,0.8,30,1649.0965944945367,12.56494576476297,64.75770925110133,7.340677508557492,19,False
5.0,0.75,0.8,35,1631.6572553723797,13.689779372415153,65.63876651982379,6.605512732220586,19,False
5.0,0.75,0.9,25,1384.8146914375943,18.00545478491835,66.51982378854625,6.788672521662309,18,False
5.0,0.75,0.9,30,1491.1733684930898,13.98986446203582,62.55506607929515,8.234326614610033,18,False
5.0,0.75,0.9,35,1426.4614243258502,15.526618842644368,63.87665198237885,7.491840349167678,18,False
5.0,0.75,1.0,25,1174.2253444449095,19.48787751458835,64.31718061674009,7.528591026436593,18,False
5.0,0.75,1.0,30,1549.2468603445025,14.80908042700494,63.436123348017624,7.3103397837991135,18,False
5.0,0.75,1.0,35,1203.454914687465,14.01371287445208,61.23348017621145,6.584333541951337,19,False
5.4,0.55,0.8,25,1336.1013205266645,10.080441641156268,58.590308370044056,4.805774852397726,19,False
5.4,0.55,0.8,30,1691.7712700248499,14.364659303709578,69.60352422907489,5.743171171208261,19,False
5.4,0.55,0.8,35,1419.151006363347,15.061453609799818,64.75770925110133,8.798876810586531,19,False
5.4,0.55,0.9,25,1293.189709794333,11.854673036924746,65.19823788546255,6.293613601294079,19,False
5.4,0.55,0.9,30,1336.5511059700575,15.653459750574292,63.87665198237885,7.670208506420817,17,False
5.4,0.55,0.9,35,1557.9660340255944,17.205033758246643,67.84140969162996,9.731563770915397,18,False
5.4,0.55,1.0,25,1629.8665107369009,11.69092378147477,63.436123348017624,6.732624297002987,19,False
5.4,0.55,1.0,30,1365.1533303408892,14.452429304301138,66.07929515418502,6.196766275560317,19,False
5.4,0.55,1.0,35,1294.9017484607239,20.20344105589695,61.23348017621145,7.8735514867496414,19,False
5.4,0.65,0.8,25,1649.0604728074009,10.498739778671865,67.40088105726872,5.712535008988695,19,False
5.4,0.65,0.8,30,1700.562637608798,13.901053363527675,65.19823788546255,9.64897174886361,18,False
5.4,0.65,0.8,35,1360.7143698629366,15.416249645400857,62.99559471365639,7.299575579168094,19,False
5.4,0.65,0.9,25,1443.472937970141,12.345520064704905,65.63876651982379,7.565926070923457,19,False
5.4,0.65,0.9,30,1716.5566880468855,14.982253502597997,66.96035242290749,6.4655815156258845,19,False
5.4,0.65,0.9,35,1491.538395805824,17.397301608682874,64.75770925110133,7.306082433115901,19,False
5.4,0.65,1.0,25,1324.5228217760261,11.330042021633139,62.55506607929515,7.438383310341923,19,False
5.4,0.65,1.0,30,1299.7480762284697,13.843962882396472,64.75770925110133,7.290285252808859,17,False
5.4,0.65,1.0,35,1321.8083552026342,15.691906835339415,62.99559471365639,6.744721169974066,18,False
5.4,0.75,0.8,25,1469.9416503450207,12.460563605677153,66.96035242290749,6.204954389239226,19,False
5.4,0.75,0.8,30,1373.9250892775274,14.57164428840779,63.87665198237885,7.208249522613386,18,False
5.4,0.75,0.8,35,1474.4372366982507,16.423027123806826,65.19823788546255,6.48451113476336,19,False
5.4,0.75,0.9,25,1563.7429588648367,14.368533414380272,66.96035242290749,6.152019085310112,19,False
5.4,0.75,0.9,30,1550.7451812465406,15.109725147165703,66.07929515418502,7.662818262622251,19,False
5.4,0.75,0.9,35,1453.6412867552897,15.403969773855742,68.28193832599119,4.589577351045748,19,False
5.4,0.75,1.0,25,1251.5834604130482,13.672106698523375,64.31718061674009,8.097178825148177,19,False
5.4,0.75,1.0,30,1298.2637112444218,14.59361259402552,59.91189427312775,7.879909723558409,18,False
5.4,0.75,1.0,35,1530.7479737583967,15.246903141824367,65.19823788546255,5.993872029704983,18,False
