atr_mult,equity_stop,max_open,vol_block,rebound,dd_pause_bars,atr_fast,e_final,e_dd,e_months,e_yup,e_tpy,e_peak,e_ruin
2.5,10.0,10,0.8,0.45,10,15,261.6744183747495,29.395520084745673,48.458149779735685,10,723.3157894736842,8,False
2.5,10.0,10,0.8,0.65,10,15,1168.544484161045,24.231296686778943,66.51982378854625,17,580.1578947368421,8,False
2.5,10.0,10,1.0,0.45,10,15,-660.1603006950991,748.9863135716997,20.704845814977972,14,1029.6842105263158,7,True
2.5,10.0,10,1.0,0.65,10,15,77.96861639962322,113.56638788846716,39.20704845814978,7,851.578947368421,8,True
2.5,10.0,20,0.8,0.45,10,15,-41.52877231167929,111.16461498145999,35.68281938325991,6,894.3684210526316,11,True
2.5,10.0,20,0.8,0.65,10,15,626.6610511107355,25.150591944536338,52.863436123348016,11,754.2105263157895,14,False
2.5,10.0,20,1.0,0.45,10,15,-836.4773628850197,918.0521631329551,16.299559471365637,16,1153.421052631579,8,True
2.5,10.0,20,1.0,0.65,10,15,-102.90689689336475,128.38087735192912,29.955947136563875,8,975.2105263157895,10,True
2.5,20.0,10,0.8,0.45,10,15,319.47035369221294,26.898766666666603,46.25550660792951,8,716.421052631579,8,False
2.5,20.0,10,0.8,0.65,10,15,1315.9248742077625,30.27988284041085,61.67400881057269,15,558.6842105263158,8,False
2.5,20.0,10,1.0,0.45,10,15,-668.0714006951022,756.7632612246888,20.704845814977972,14,1029.578947368421,7,True
2.5,20.0,10,1.0,0.65,10,15,8.686152808353526,127.24211633033245,37.00440528634361,7,851.3684210526316,8,True
2.5,20.0,20,0.8,0.45,10,15,-35.067887787866056,109.30137387433285,35.68281938325991,6,894.0,11,True
2.5,20.0,20,0.8,0.65,10,15,666.9940798112123,46.04657984146473,50.66079295154186,11,753.6315789473684,14,False
2.5,20.0,20,1.0,0.45,10,15,-845.3265295516859,926.7023749283277,16.299559471365637,16,1153.4736842105262,8,True
2.5,20.0,20,1.0,0.65,10,15,-153.2129992743202,148.83921663421185,29.074889867841406,10,973.7894736842105,10,True
2.5,35.0,10,0.8,0.45,10,15,556.7311068640297,22.872085715937132,45.37444933920705,9,708.421052631579,8,False
2.5,35.0,10,0.8,0.65,10,15,1760.0236946782734,24.981232607570085,58.590308370044056,15,538.5263157894736,8,False
2.5,35.0,10,1.0,0.45,10,15,-686.4318006950974,774.8123150462618,20.704845814977972,15,1029.578947368421,7,True
2.5,35.0,10,1.0,0.65,10,15,-33.75749272735635,126.46994304429565,36.56387665198238,7,847.8421052631579,8,True
2.5,35.0,20,0.8,0.45,10,15,108.68034554545551,79.61247196035731,33.92070484581498,6,896.1578947368421,11,False
2.5,35.0,20,0.8,0.65,10,15,681.3363663968452,47.82754171275105,49.77973568281938,11,753.421052631579,14,False
2.5,35.0,20,1.0,0.45,10,15,-839.6372176469241,780.9849893452931,16.299559471365637,16,1152.842105263158,8,True
2.5,35.0,20,1.0,0.65,10,15,-221.94860096845952,190.2673511675899,28.193832599118945,9,974.0,10,True
2.5,60.0,10,0.8,0.45,10,15,605.645578475773,43.56999161979246,46.25550660792951,9,696.4736842105264,8,False
2.5,60.0,10,0.8,0.65,10,15,2825.8521183157573,37.7449359122756,58.14977973568281,15,466.7368421052632,8,False
2.5,60.0,10,1.0,0.45,10,15,-667.7879064310293,592.1504961174353,20.704845814977972,14,1019.7368421052631,7,True
2.5,60.0,10,1.0,0.65,10,15,-2.708888686943638,116.2604578009628,36.56387665198238,7,839.3684210526316,8,True
2.5,60.0,20,0.8,0.45,10,15,75.97355296652748,85.2193934993582,31.277533039647576,5,883.8947368421053,11,False
2.5,60.0,20,0.8,0.65,10,15,564.3613856435502,45.01192833678739,50.22026431718062,10,734.3684210526316,14,False
2.5,60.0,20,1.0,0.45,10,15,-840.5472295516835,642.2283376516367,16.299559471365637,16,1151.8947368421052,8,True
2.5,60.0,20,1.0,0.65,10,15,-106.07092679054918,129.89692836557415,29.074889867841406,7,975.0,10,True
3.5,10.0,10,0.8,0.45,10,15,1263.628603375055,20.016007840979306,67.40088105726872,19,447.94736842105266,8,False
3.5,10.0,10,0.8,0.65,10,15,1735.0562007187505,22.65066066697088,80.1762114537445,19,360.2631578947368,8,False
3.5,10.0,10,1.0,0.45,10,15,463.93111523892964,59.22229246203753,51.541850220264315,14,608.7368421052631,6,False
3.5,10.0,10,1.0,0.65,10,15,1062.156073222644,28.005988238185196,72.24669603524228,18,487.89473684210526,6,False
3.5,10.0,20,0.8,0.45,10,15,1120.4292819249986,24.54644383538551,69.16299559471366,15,546.2631578947369,8,False
3.5,10.0,20,0.8,0.65,10,15,1746.386351374342,20.692181713351385,82.37885462555066,19,465.1578947368421,10,False
3.5,10.0,20,1.0,0.45,10,15,383.21528971447714,52.6354946227636,50.22026431718062,11,664.1578947368421,8,False
3.5,10.0,20,1.0,0.65,10,15,1198.7551573135663,24.60863972926036,67.40088105726872,19,552.2105263157895,8,False
3.5,20.0,10,0.8,0.45,10,15,1262.2372597221758,25.057078690382113,60.792951541850215,17,435.3157894736842,8,False
3.5,20.0,10,0.8,0.65,10,15,2034.0109237179877,22.684162746693094,69.60352422907489,19,320.36842105263156,8,False
3.5,20.0,10,1.0,0.45,10,15,469.6570842414563,58.35257823716141,48.458149779735685,15,601.578947368421,6,False
3.5,20.0,10,1.0,0.65,10,15,1140.3037750631725,25.77197793764724,62.99559471365639,19,460.5263157894737,7,False
3.5,20.0,20,0.8,0.45,10,15,1647.7686096833106,20.645691854063873,67.40088105726872,15,549.9473684210526,8,False
3.5,20.0,20,0.8,0.65,10,15,2335.176826830879,15.490797662020325,74.8898678414097,18,435.5263157894737,8,False
3.5,20.0,20,1.0,0.45,10,15,329.30384676574346,70.3773550994339,46.69603524229075,11,664.1052631578947,8,False
3.5,20.0,20,1.0,0.65,10,15,1213.9218091200917,25.583965891446443,64.75770925110133,17,545.6842105263158,8,False
3.5,35.0,10,0.8,0.45,10,15,1639.387342676745,30.853280088137108,59.03083700440529,19,397.1578947368421,7,False
3.5,35.0,10,0.8,0.65,10,15,2054.173807187312,31.925719103559363,66.51982378854625,18,286.7894736842105,8,False
3.5,35.0,10,1.0,0.45,10,15,586.6577334401718,65.19748119654805,48.01762114537445,13,586.6315789473684,6,False
3.5,35.0,10,1.0,0.65,10,15,1336.4566405497462,22.697958317641238,62.55506607929515,18,450.42105263157896,8,False
3.5,35.0,20,0.8,0.45,10,15,1595.7734123882842,23.53081984459059,64.75770925110133,15,543.6315789473684,8,False
3.5,35.0,20,0.8,0.65,10,15,2054.9254339841045,17.62642502192472,64.31718061674009,18,425.2105263157895,8,False
3.5,35.0,20,1.0,0.45,10,15,702.7262226350058,48.73034098463086,45.81497797356828,13,662.7368421052631,8,False
3.5,35.0,20,1.0,0.65,10,15,1615.6855294095403,23.24531281103484,58.590308370044056,16,535.4736842105264,8,False
3.5,60.0,10,0.8,0.45,10,15,1871.1182412635756,50.69903383707859,57.268722466960355,14,360.10526315789474,8,False
3.5,60.0,10,0.8,0.65,10,15,2839.8606078525627,34.371302213651056,63.87665198237885,18,259.89473684210526,7,False
3.5,60.0,10,1.0,0.45,10,15,1082.1249502136761,43.33738394739159,48.458149779735685,13,568.6315789473684,6,False
3.5,60.0,10,1.0,0.65,10,15,1490.8138203331782,31.435219677291254,57.268722466960355,16,409.1578947368421,5,False
3.5,60.0,20,0.8,0.45,10,15,2255.880480822582,22.391418613078574,58.590308370044056,14,535.3684210526316,8,False
3.5,60.0,20,0.8,0.65,10,15,2556.147183386753,21.653760679417253,62.55506607929515,16,424.36842105263156,8,False
3.5,60.0,20,1.0,0.45,10,15,602.7325017336841,35.558780615210814,45.81497797356828,10,639.4736842105264,8,False
3.5,60.0,20,1.0,0.65,10,15,1319.9661472610792,26.642139734690968,57.70925110132159,16,529.7894736842105,10,False
4.5,10.0,10,0.8,0.45,10,15,1780.3263369380632,12.87626349974392,73.568281938326,19,300.7368421052632,6,False
4.5,10.0,10,0.8,0.65,10,15,2605.9452279907528,17.481067001109178,86.34361233480176,19,257.63157894736844,7,False
4.5,10.0,10,1.0,0.45,10,15,1356.326799644098,18.154331945355796,65.19823788546255,19,379.94736842105266,6,False
4.5,10.0,10,1.0,0.65,10,15,1748.992142082895,19.54487212822527,73.568281938326,19,314.3157894736842,7,False
4.5,10.0,20,0.8,0.45,10,15,1630.2567999625564,11.926883761397109,72.68722466960352,19,367.2631578947368,7,False
4.5,10.0,20,0.8,0.65,10,15,2470.437767763522,11.733618949119382,87.22466960352423,19,313.5263157894737,9,False
4.5,10.0,20,1.0,0.45,10,15,1250.1519277347943,17.820702641218084,62.55506607929515,19,419.5263157894737,9,False
4.5,10.0,20,1.0,0.65,10,15,1966.06460748626,13.225679764214679,81.4977973568282,19,348.8421052631579,8,False
4.5,20.0,10,0.8,0.45,10,15,1836.8418350149623,11.232634033944215,66.51982378854625,18,287.7894736842105,6,False
4.5,20.0,10,0.8,0.65,10,15,2321.948954901397,18.865017656035203,71.36563876651982,19,243.78947368421052,7,False
4.5,20.0,10,1.0,0.45,10,15,1173.492955975289,19.066899139413014,58.590308370044056,17,365.57894736842104,7,False
4.5,20.0,10,1.0,0.65,10,15,1422.1507047139837,26.54008037799182,60.792951541850215,19,310.2105263157895,8,False
4.5,20.0,20,0.8,0.45,10,15,1747.907476336202,14.119070635687825,67.40088105726872,18,361.8421052631579,7,False
4.5,20.0,20,0.8,0.65,10,15,2463.579783572657,15.163375898700988,78.8546255506608,19,291.7894736842105,10,False
4.5,20.0,20,1.0,0.45,10,15,1075.2712685314875,28.89858423688816,58.590308370044056,16,408.89473684210526,9,False
4.5,20.0,20,1.0,0.65,10,15,2010.215515653054,23.562370147517036,66.07929515418502,19,333.5263157894737,7,False
4.5,35.0,10,0.8,0.45,10,15,1851.7379514048364,16.711547975104086,57.70925110132159,17,283.7368421052632,7,False
4.5,35.0,10,0.8,0.65,10,15,2880.9876126810304,23.14262002430362,68.72246696035242,19,206.26315789473685,8,False
4.5,35.0,10,1.0,0.45,10,15,1502.0883908403991,21.50389165382986,56.82819383259912,18,359.10526315789474,7,False
4.5,35.0,10,1.0,0.65,10,15,2223.1142345404073,31.540713992764868,64.75770925110133,19,265.0,6,False
4.5,35.0,20,0.8,0.45,10,15,1528.3237868382037,26.246408213605854,55.947136563876654,18,343.7368421052632,8,False
4.5,35.0,20,0.8,0.65,10,15,3182.643074719021,24.878373484283088,72.68722466960352,19,288.2631578947368,13,False
4.5,35.0,20,1.0,0.45,10,15,1407.6547559440387,37.28326370933045,54.62555066079295,16,397.6842105263158,7,False
4.5,35.0,20,1.0,0.65,10,15,2134.375953952229,38.617575292709304,60.352422907488986,19,332.5263157894737,7,False
4.5,60.0,10,0.8,0.45,10,15,2321.5986575924026,29.079234344959836,60.352422907488986,17,242.42105263157896,7,False
4.5,60.0,10,0.8,0.65,10,15,3276.0755256492685,30.021892005645856,68.28193832599119,19,189.21052631578948,7,False
4.5,60.0,10,1.0,0.45,10,15,1384.9294106456343,31.81094908065014,56.38766519823789,15,330.1578947368421,7,False
4.5,60.0,10,1.0,0.65,10,15,2211.209717014192,38.14923545784325,61.67400881057269,19,245.8421052631579,6,False
4.5,60.0,20,0.8,0.45,10,15,2087.1637495004097,32.01146704890031,55.947136563876654,17,340.05263157894734,9,False
4.5,60.0,20,0.8,0.65,10,15,3353.449936344922,43.89831929391398,66.96035242290749,17,269.94736842105266,9,False
4.5,60.0,20,1.0,0.45,10,15,1048.0641126248993,54.85876927261288,51.10132158590308,14,392.4736842105263,7,False
4.5,60.0,20,1.0,0.65,10,15,1856.148992700999,66.48456911938695,59.91189427312775,18,307.42105263157896,6,False
5.4,10.0,10,0.8,0.45,10,15,2199.9970997677547,16.513564060849742,77.09251101321586,19,230.42105263157896,7,False
5.4,10.0,10,0.8,0.65,10,15,2431.6566800623787,9.49805443395278,80.61674008810573,19,194.3684210526316,5,False
5.4,10.0,10,1.0,0.45,10,15,1334.2471142307743,10.962213145484814,67.84140969162996,19,283.94736842105266,5,False
5.4,10.0,10,1.0,0.65,10,15,2385.14939891115,11.84133162727276,79.73568281938326,19,227.52631578947367,5,False
5.4,10.0,20,0.8,0.45,10,15,1938.8037034540814,13.859021892022694,81.05726872246696,19,270.2105263157895,7,False
5.4,10.0,20,0.8,0.65,10,15,2651.8742842557667,10.769252190240158,81.93832599118943,19,232.94736842105263,8,False
5.4,10.0,20,1.0,0.45,10,15,1383.3121594505742,12.496213915022986,70.04405286343612,19,300.10526315789474,9,False
5.4,10.0,20,1.0,0.65,10,15,2261.5650371529086,11.699414069587515,77.5330396475771,19,248.26315789473685,6,False
5.4,20.0,10,0.8,0.45,10,15,2044.2136312387963,19.89029820106218,67.40088105726872,19,216.47368421052633,6,False
5.4,20.0,10,0.8,0.65,10,15,2991.2210481068996,13.895269091709237,74.00881057268722,19,170.47368421052633,6,False
5.4,20.0,10,1.0,0.45,10,15,1548.2430837911577,23.59576945085794,62.55506607929515,18,270.42105263157896,5,False
5.4,20.0,10,1.0,0.65,10,15,1802.071926693339,20.633423554888104,63.436123348017624,19,220.78947368421052,5,False
5.4,20.0,20,0.8,0.45,10,15,2272.7645157967286,20.56765228842437,72.68722466960352,19,276.94736842105266,8,False
5.4,20.0,20,0.8,0.65,10,15,2594.3361309840434,20.645858756444333,69.60352422907489,19,214.57894736842104,8,False
5.4,20.0,20,1.0,0.45,10,15,1286.367473241732,29.063467807215037,61.23348017621145,17,289.7368421052632,6,False
5.4,20.0,20,1.0,0.65,10,15,2376.405939258308,22.32882273553123,69.16299559471366,19,241.3684210526316,6,False
5.4,35.0,10,0.8,0.45,10,15,2004.0187862362864,32.11695694213871,65.63876651982379,19,195.21052631578948,6,False
5.4,35.0,10,0.8,0.65,10,15,2502.9895563186324,19.386276142183647,68.28193832599119,19,166.42105263157896,7,False
5.4,35.0,10,1.0,0.45,10,15,1849.621020264731,23.420016180273056,59.91189427312775,18,255.26315789473685,5,False
5.4,35.0,10,1.0,0.65,10,15,2127.0236782792244,25.302684973032395,61.67400881057269,17,196.26315789473685,5,False
5.4,35.0,20,0.8,0.45,10,15,2597.2028500275724,36.913106815861035,63.87665198237885,18,266.6842105263158,8,False
5.4,35.0,20,0.8,0.65,10,15,2493.0326285988563,35.2936960784626,66.96035242290749,18,211.52631578947367,9,False
5.4,35.0,20,1.0,0.45,10,15,1652.309917037965,41.06375421770315,58.590308370044056,18,282.7368421052632,6,False
5.4,35.0,20,1.0,0.65,10,15,2382.926947257767,38.079529921102534,66.51982378854625,19,233.52631578947367,7,False
5.4,60.0,10,0.8,0.45,10,15,2396.3235835714613,48.055874069484396,59.471365638766514,13,184.3684210526316,7,False
5.4,60.0,10,0.8,0.65,10,15,2102.3742032467244,27.72146751746415,62.55506607929515,18,148.05263157894737,7,False
5.4,60.0,10,1.0,0.45,10,15,1830.8214552198103,31.99948402927234,59.91189427312775,18,220.73684210526315,5,False
5.4,60.0,10,1.0,0.65,10,15,1553.6216637088185,28.505470316429093,57.70925110132159,18,194.42105263157896,7,False
5.4,60.0,20,0.8,0.45,10,15,2565.2652239585123,64.34191511212678,61.23348017621145,18,259.4736842105263,8,False
5.4,60.0,20,0.8,0.65,10,15,2349.0438437912253,45.33699058161723,60.792951541850215,18,191.89473684210526,8,False
5.4,60.0,20,1.0,0.45,10,15,1185.2470495504363,66.22784585329623,57.268722466960355,16,274.05263157894734,7,False
5.4,60.0,20,1.0,0.65,10,15,1692.4093786813808,62.996321130300636,57.268722466960355,18,254.57894736842104,7,False
