atr_mult,rebound,vol_block,atr_fast,atr_slow,final,max_dd_pct,months_up_pct,median_year_pct,years_up,trades_per_year,ruined
3.5,0.35,1.0,10,100,659.72,21.76,50.7,6.62,17,145.0,False
3.5,0.35,1.0,10,200,613.82,28.87,52.0,7.95,17,129.0,False
3.5,0.35,1.0,10,288,675.98,25.88,57.3,3.09,19,135.0,False
3.5,0.35,1.0,20,100,576.81,38.97,50.7,2.06,15,157.0,False
3.5,0.35,1.0,20,200,490.85,57.89,48.9,2.69,13,145.0,False
3.5,0.35,1.0,20,288,489.54,30.97,53.3,3.63,14,151.0,False
3.5,0.35,1.0,50,100,318.45,33.33,47.1,3.23,14,166.0,False
3.5,0.35,1.0,50,200,259.65,44.15,47.6,-0.26,9,155.0,False
3.5,0.35,1.0,50,288,51.69,65.11,44.1,-4.44,6,158.0,False
3.5,0.35,1.15,10,100,514.69,38.27,47.1,3.6,13,161.0,False
3.5,0.35,1.15,10,200,320.66,50.48,50.2,2.33,15,151.0,False
3.5,0.35,1.15,10,288,339.5,38.06,49.3,1.62,14,154.0,False
3.5,0.35,1.15,20,100,154.11,75.96,48.0,2.45,12,173.0,False
3.5,0.35,1.15,20,200,332.38,41.31,43.6,4.75,13,159.0,False
3.5,0.35,1.15,20,288,186.64,107.98,50.7,7.19,12,167.0,True
3.5,0.35,1.15,50,100,-104.4,205.75,38.8,-0.9,8,196.0,True
3.5,0.35,1.15,50,200,68.59,81.87,39.2,-6.28,6,170.0,False
3.5,0.35,1.15,50,288,-57.19,177.9,35.7,5.54,12,176.0,True
3.5,0.35,1.35,10,100,60.34,95.01,46.7,1.37,10,170.0,False
3.5,0.35,1.35,10,200,245.06,96.49,47.1,-0.96,8,162.0,False
3.5,0.35,1.35,10,288,86.14,105.82,48.9,0.19,11,165.0,True
3.5,0.35,1.35,20,100,-53.13,154.42,35.7,15.94,11,182.0,True
3.5,0.35,1.35,20,200,140.98,90.78,47.6,-0.04,9,176.0,False
3.5,0.35,1.35,20,288,76.77,69.98,43.2,-2.43,6,179.0,False
3.5,0.35,1.35,50,100,-133.8,160.0,31.3,11.24,10,206.0,True
3.5,0.35,1.35,50,200,-183.52,282.87,32.2,4.04,12,189.0,True
3.5,0.35,1.35,50,288,-164.78,180.81,26.9,5.82,11,195.0,True
3.5,0.45,1.0,10,100,774.71,28.03,58.1,9.1,15,140.0,False
3.5,0.45,1.0,10,200,759.6,27.57,57.3,6.71,17,124.0,False
3.5,0.45,1.0,10,288,891.11,23.44,56.4,6.01,19,135.0,False
3.5,0.45,1.0,20,100,972.75,28.67,58.1,3.53,14,157.0,False
3.5,0.45,1.0,20,200,513.71,26.42,55.9,3.99,14,138.0,False
3.5,0.45,1.0,20,288,631.25,27.64,55.9,4.96,17,140.0,False
3.5,0.45,1.0,50,100,481.39,21.31,52.9,3.87,14,163.0,False
3.5,0.45,1.0,50,200,327.48,38.52,45.4,0.49,11,147.0,False
3.5,0.45,1.0,50,288,430.24,24.75,46.3,2.18,13,158.0,False
3.5,0.45,1.15,10,100,641.03,32.46,54.2,1.99,16,156.0,False
3.5,0.45,1.15,10,200,557.87,31.32,51.5,2.14,16,144.0,False
3.5,0.45,1.15,10,288,509.39,25.78,48.9,6.06,15,150.0,False
3.5,0.45,1.15,20,100,140.93,69.52,47.6,0.73,12,164.0,False
3.5,0.45,1.15,20,200,432.86,53.08,46.7,2.58,13,150.0,False
3.5,0.45,1.15,20,288,393.61,67.22,47.1,0.44,11,162.0,False
3.5,0.45,1.15,50,100,-30.15,161.31,43.2,3.11,10,190.0,True
3.5,0.45,1.15,50,200,188.13,40.6,41.9,-0.77,8,163.0,False
3.5,0.45,1.15,50,288,-31.56,135.09,34.8,-24.12,6,167.0,True
3.5,0.45,1.35,10,100,93.68,73.67,44.9,-3.05,8,161.0,False
3.5,0.45,1.35,10,200,277.52,110.3,52.9,-0.15,9,154.0,True
3.5,0.45,1.35,10,288,140.7,100.4,48.0,1.49,11,161.0,True
3.5,0.45,1.35,20,100,7.0,111.43,40.1,-15.65,5,176.0,True
3.5,0.45,1.35,20,200,121.58,78.22,44.9,1.29,11,168.0,False
3.5,0.45,1.35,20,288,103.4,123.93,47.6,0.73,11,174.0,True
3.5,0.45,1.35,50,100,-73.97,135.89,33.5,-16.95,8,203.0,True
3.5,0.45,1.35,50,200,-74.57,147.56,33.0,0.91,10,183.0,True
3.5,0.45,1.35,50,288,-94.41,146.87,31.7,5.04,10,190.0,True
3.5,0.55,1.0,10,100,823.81,23.0,55.1,8.74,17,133.0,False
3.5,0.55,1.0,10,200,721.25,24.59,58.1,5.99,15,118.0,False
3.5,0.55,1.0,10,288,748.31,29.3,55.5,5.94,15,123.0,False
3.5,0.55,1.0,20,100,503.45,42.18,50.7,6.43,17,149.0,False
3.5,0.55,1.0,20,200,877.96,36.49,61.7,6.49,18,131.0,False
3.5,0.55,1.0,20,288,649.29,23.94,52.0,0.45,13,140.0,False
3.5,0.55,1.0,50,100,753.82,16.88,50.2,4.09,17,161.0,False
3.5,0.55,1.0,50,200,282.09,32.86,48.5,0.86,13,140.0,False
3.5,0.55,1.0,50,288,274.58,23.9,48.5,-0.11,9,147.0,False
3.5,0.55,1.15,10,100,463.31,36.49,52.0,2.85,14,150.0,False
3.5,0.55,1.15,10,200,647.82,27.58,50.7,7.61,14,134.0,False
3.5,0.55,1.15,10,288,425.45,45.86,56.4,6.6,12,143.0,False
3.5,0.55,1.15,20,100,432.27,63.53,49.3,0.05,10,165.0,False
3.5,0.55,1.15,20,200,626.31,48.38,50.7,2.34,15,149.0,False
3.5,0.55,1.15,20,288,421.1,48.36,50.2,0.01,10,156.0,False
3.5,0.55,1.15,50,100,19.86,106.35,43.6,-5.15,8,185.0,True
3.5,0.55,1.15,50,200,282.96,34.97,46.3,-0.29,9,159.0,False
3.5,0.55,1.15,50,288,22.22,83.61,40.5,-8.35,5,161.0,False
3.5,0.55,1.35,10,100,135.71,65.17,46.7,-0.81,9,157.0,False
3.5,0.55,1.35,10,200,480.42,30.35,48.0,1.34,11,150.0,False
3.5,0.55,1.35,10,288,461.81,26.94,50.7,1.8,11,155.0,False
3.5,0.55,1.35,20,100,-32.66,140.84,41.4,-3.07,9,168.0,True
3.5,0.55,1.35,20,200,279.18,68.43,52.4,0.84,11,165.0,False
3.5,0.55,1.35,20,288,139.46,65.76,46.3,2.32,11,166.0,False
3.5,0.55,1.35,50,100,-179.72,275.7,33.5,7.42,11,195.0,True
3.5,0.55,1.35,50,200,-85.64,185.26,37.4,-3.43,9,174.0,True
3.5,0.55,1.35,50,288,-70.14,181.33,36.6,0.78,10,182.0,True
4.2,0.35,1.0,10,100,994.86,19.53,58.1,4.08,17,128.0,False
4.2,0.35,1.0,10,200,872.53,19.56,55.1,4.59,17,110.0,False
4.2,0.35,1.0,10,288,928.98,20.57,57.7,5.51,18,116.0,False
4.2,0.35,1.0,20,100,902.56,19.22,59.9,7.31,18,138.0,False
4.2,0.35,1.0,20,200,674.09,18.35,49.8,9.3,16,126.0,False
4.2,0.35,1.0,20,288,752.65,29.35,53.7,4.64,17,129.0,False
4.2,0.35,1.0,50,100,498.43,24.62,50.2,1.55,15,151.0,False
4.2,0.35,1.0,50,200,186.02,36.01,47.6,1.87,12,136.0,False
4.2,0.35,1.0,50,288,365.38,43.68,52.0,0.73,10,143.0,False
4.2,0.35,1.15,10,100,461.75,25.39,49.3,1.02,13,139.0,False
4.2,0.35,1.15,10,200,673.75,18.6,55.5,8.39,15,123.0,False
4.2,0.35,1.15,10,288,694.19,26.7,52.4,3.38,16,133.0,False
4.2,0.35,1.15,20,100,242.6,71.08,44.9,1.0,13,158.0,False
4.2,0.35,1.15,20,200,621.06,30.66,49.8,1.6,14,142.0,False
4.2,0.35,1.15,20,288,402.99,53.73,47.6,1.82,11,148.0,False
4.2,0.35,1.15,50,100,18.07,89.61,39.6,-10.05,7,181.0,False
4.2,0.35,1.15,50,200,270.87,39.2,44.1,2.82,12,155.0,False
4.2,0.35,1.15,50,288,45.67,69.68,41.0,-3.29,7,163.0,False
4.2,0.35,1.35,10,100,192.52,78.42,43.2,2.18,11,154.0,False
4.2,0.35,1.35,10,200,413.66,61.66,45.4,-0.06,9,145.0,False
4.2,0.35,1.35,10,288,307.7,29.12,47.1,2.97,14,149.0,False
4.2,0.35,1.35,20,100,149.67,103.55,46.3,-6.3,7,168.0,True
4.2,0.35,1.35,20,200,296.67,58.8,48.9,4.72,12,159.0,False
4.2,0.35,1.35,20,288,135.78,50.9,44.1,0.43,10,161.0,False
4.2,0.35,1.35,50,100,-309.23,401.75,32.2,4.14,15,192.0,True
4.2,0.35,1.35,50,200,-1.68,120.01,35.7,-30.1,6,174.0,True
4.2,0.35,1.35,50,288,-133.8,222.41,35.7,5.32,12,180.0,True
4.2,0.45,1.0,10,100,760.71,18.19,54.2,7.17,18,118.0,False
4.2,0.45,1.0,10,200,1220.73,17.88,58.1,5.11,19,100.0,False
4.2,0.45,1.0,10,288,1452.4,17.83,61.7,9.52,18,112.0,False
4.2,0.45,1.0,20,100,1323.67,19.36,59.5,6.06,17,136.0,False
4.2,0.45,1.0,20,200,1193.7,20.0,57.3,7.33,18,115.0,False
4.2,0.45,1.0,20,288,966.03,28.19,60.8,4.9,15,122.0,False
4.2,0.45,1.0,50,100,598.65,37.36,54.6,4.37,16,144.0,False
4.2,0.45,1.0,50,200,985.27,30.95,54.2,7.18,16,134.0,False
4.2,0.45,1.0,50,288,543.97,36.48,50.2,2.23,13,138.0,False
4.2,0.45,1.15,10,100,599.72,27.01,55.9,6.34,15,129.0,False
4.2,0.45,1.15,10,200,877.48,15.99,53.7,4.64,13,116.0,False
4.2,0.45,1.15,10,288,991.52,18.98,57.3,2.42,16,129.0,False
4.2,0.45,1.15,20,100,409.44,38.07,53.3,2.15,14,150.0,False
4.2,0.45,1.15,20,200,593.92,36.23,50.7,1.59,13,132.0,False
4.2,0.45,1.15,20,288,381.37,50.96,48.9,1.78,14,138.0,False
4.2,0.45,1.15,50,100,-7.43,148.39,45.8,-47.87,4,172.0,True
4.2,0.45,1.15,50,200,326.52,54.78,45.4,1.7,11,146.0,False
4.2,0.45,1.15,50,288,40.77,80.11,40.5,-1.57,9,151.0,False
4.2,0.45,1.35,10,100,433.7,37.46,47.1,0.95,12,145.0,False
4.2,0.45,1.35,10,200,500.02,53.23,50.2,0.81,12,136.0,False
4.2,0.45,1.35,10,288,499.85,26.42,48.0,4.61,14,138.0,False
4.2,0.45,1.35,20,100,82.32,79.61,46.3,1.35,12,158.0,False
4.2,0.45,1.35,20,200,474.8,32.73,49.8,3.3,14,151.0,False
4.2,0.45,1.35,20,288,114.27,52.02,46.7,1.71,11,148.0,False
4.2,0.45,1.35,50,100,-251.89,276.47,28.2,4.23,12,184.0,True
4.2,0.45,1.35,50,200,-51.15,172.53,36.1,1.74,10,165.0,True
4.2,0.45,1.35,50,288,-164.88,251.17,37.9,3.28,12,172.0,True
4.2,0.55,1.0,10,100,1325.0,17.45,59.9,7.28,17,113.0,False
4.2,0.55,1.0,10,200,1339.49,20.47,56.8,6.76,17,95.0,False
4.2,0.55,1.0,10,288,1358.41,17.95,59.9,4.91,18,100.0,False
4.2,0.55,1.0,20,100,1030.67,15.52,59.0,6.82,17,121.0,False
4.2,0.55,1.0,20,200,1126.99,17.7,59.9,5.63,18,107.0,False
4.2,0.55,1.0,20,288,1110.36,19.16,59.5,6.02,18,112.0,False
4.2,0.55,1.0,50,100,749.54,25.73,53.3,5.93,19,141.0,False
4.2,0.55,1.0,50,200,1004.77,27.36,55.1,6.34,16,125.0,False
4.2,0.55,1.0,50,288,644.23,32.51,53.7,7.29,13,132.0,False
4.2,0.55,1.15,10,100,610.28,20.41,53.3,7.07,17,124.0,False
4.2,0.55,1.15,10,200,1161.21,17.83,60.8,5.5,18,111.0,False
4.2,0.55,1.15,10,288,616.68,21.6,53.3,6.74,15,118.0,False
4.2,0.55,1.15,20,100,607.14,30.59,52.9,7.34,18,142.0,False
4.2,0.55,1.15,20,200,846.58,27.72,56.4,4.68,14,121.0,False
4.2,0.55,1.15,20,288,405.8,31.2,51.5,1.27,14,131.0,False
4.2,0.55,1.15,50,100,35.47,98.92,44.9,5.04,10,165.0,False
4.2,0.55,1.15,50,200,610.45,59.5,51.5,2.93,15,146.0,False
4.2,0.55,1.15,50,288,81.32,67.65,41.9,-0.74,9,146.0,False
4.2,0.55,1.35,10,100,330.42,51.59,46.7,1.93,11,136.0,False
4.2,0.55,1.35,10,200,469.1,64.29,49.3,4.91,14,128.0,False
4.2,0.55,1.35,10,288,404.45,39.63,53.3,1.62,12,132.0,False
4.2,0.55,1.35,20,100,125.78,102.25,45.8,2.01,10,151.0,True
4.2,0.55,1.35,20,200,308.35,36.88,50.2,1.15,13,138.0,False
4.2,0.55,1.35,20,288,232.92,52.29,44.5,0.32,11,146.0,False
4.2,0.55,1.35,50,100,-205.18,306.74,34.4,6.94,11,178.0,True
4.2,0.55,1.35,50,200,164.92,98.39,48.0,0.22,10,161.0,False
4.2,0.55,1.35,50,288,-77.17,171.78,37.9,9.11,10,164.0,True
5.0,0.35,1.0,10,100,1078.0,24.21,61.2,7.07,17,106.0,False
5.0,0.35,1.0,10,200,1076.96,21.85,57.3,7.99,18,96.0,False
5.0,0.35,1.0,10,288,1063.67,19.75,60.8,9.5,18,95.0,False
5.0,0.35,1.0,20,100,741.4,26.03,52.0,6.05,14,120.0,False
5.0,0.35,1.0,20,200,1042.31,28.2,59.5,8.03,15,106.0,False
5.0,0.35,1.0,20,288,836.99,32.64,59.5,9.21,17,112.0,False
5.0,0.35,1.0,50,100,544.71,37.71,54.2,2.63,13,130.0,False
5.0,0.35,1.0,50,200,606.36,35.29,50.2,2.94,16,123.0,False
5.0,0.35,1.0,50,288,555.17,26.03,48.9,1.9,16,129.0,False
5.0,0.35,1.15,10,100,748.42,34.48,50.7,2.62,16,127.0,False
5.0,0.35,1.15,10,200,845.99,36.51,49.8,8.33,14,110.0,False
5.0,0.35,1.15,10,288,938.34,17.63,55.5,7.86,16,113.0,False
5.0,0.35,1.15,20,100,337.06,64.42,48.5,1.0,13,141.0,False
5.0,0.35,1.15,20,200,437.99,40.78,53.3,5.63,15,119.0,False
5.0,0.35,1.15,20,288,521.7,28.39,49.8,2.87,16,128.0,False
5.0,0.35,1.15,50,100,-22.98,162.64,38.3,-8.59,7,164.0,True
5.0,0.35,1.15,50,200,335.09,66.68,47.1,4.77,13,141.0,False
5.0,0.35,1.15,50,288,186.33,62.92,42.7,0.87,10,147.0,False
5.0,0.35,1.35,10,100,299.9,44.41,52.4,0.52,12,136.0,False
5.0,0.35,1.35,10,200,483.13,66.01,52.0,3.15,14,122.0,False
5.0,0.35,1.35,10,288,178.27,79.4,48.0,0.02,10,131.0,False
5.0,0.35,1.35,20,100,53.62,144.73,50.2,19.96,11,151.0,True
5.0,0.35,1.35,20,200,183.96,91.53,47.6,1.8,11,137.0,False
5.0,0.35,1.35,20,288,281.0,56.65,48.9,2.78,13,147.0,False
5.0,0.35,1.35,50,100,-236.38,325.59,29.5,7.86,14,176.0,True
5.0,0.35,1.35,50,200,39.73,159.72,40.1,-24.84,9,159.0,True
5.0,0.35,1.35,50,288,-89.5,184.26,39.6,0.62,11,165.0,True
5.0,0.45,1.0,10,100,924.8,22.71,55.1,3.1,18,98.0,False
5.0,0.45,1.0,10,200,1324.85,19.15,62.1,5.35,17,89.0,False
5.0,0.45,1.0,10,288,924.97,20.6,57.7,4.0,15,90.0,False
5.0,0.45,1.0,20,100,927.61,34.97,57.7,7.73,18,108.0,False
5.0,0.45,1.0,20,200,878.99,31.47,56.8,3.81,18,96.0,False
5.0,0.45,1.0,20,288,934.89,31.22,56.8,7.09,17,101.0,False
5.0,0.45,1.0,50,100,829.47,33.01,52.4,7.31,16,122.0,False
5.0,0.45,1.0,50,200,854.66,27.78,57.7,8.17,15,119.0,False
5.0,0.45,1.0,50,288,409.9,33.63,52.9,6.33,16,121.0,False
5.0,0.45,1.15,10,100,610.57,23.82,52.0,2.9,16,117.0,False
5.0,0.45,1.15,10,200,920.56,33.62,58.6,9.46,17,105.0,False
5.0,0.45,1.15,10,288,470.41,21.16,52.4,2.88,15,109.0,False
5.0,0.45,1.15,20,100,236.8,32.99,51.1,1.74,14,126.0,False
5.0,0.45,1.15,20,200,961.64,34.11,54.2,10.55,17,112.0,False
5.0,0.45,1.15,20,288,759.17,31.3,56.4,4.18,16,122.0,False
5.0,0.45,1.15,50,100,82.26,120.81,47.1,-1.47,9,156.0,True
5.0,0.45,1.15,50,200,425.4,37.15,51.5,2.62,13,135.0,False
5.0,0.45,1.15,50,288,384.25,65.12,48.5,2.59,11,140.0,False
5.0,0.45,1.35,10,100,324.6,34.06,48.5,0.41,11,126.0,False
5.0,0.45,1.35,10,200,371.98,53.32,51.5,2.86,14,119.0,False
5.0,0.45,1.35,10,288,393.75,79.05,46.7,1.52,11,120.0,False
5.0,0.45,1.35,20,100,270.58,82.28,47.1,1.18,11,143.0,False
5.0,0.45,1.35,20,200,537.3,37.44,51.1,3.74,14,135.0,False
5.0,0.45,1.35,20,288,411.51,56.51,50.7,3.02,13,137.0,False
5.0,0.45,1.35,50,100,-261.16,351.52,31.7,8.04,13,167.0,True
5.0,0.45,1.35,50,200,89.27,120.39,42.3,1.76,10,149.0,True
5.0,0.45,1.35,50,288,-106.43,202.39,36.1,-0.77,9,155.0,True
5.0,0.55,1.0,10,100,1045.6,20.6,59.5,6.52,16,94.0,False
5.0,0.55,1.0,10,200,1369.98,20.2,62.1,6.52,19,80.0,False
5.0,0.55,1.0,10,288,1121.75,20.13,58.1,9.19,18,85.0,False
5.0,0.55,1.0,20,100,901.39,21.37,55.9,6.42,19,102.0,False
5.0,0.55,1.0,20,200,1416.6,20.2,59.5,5.3,17,89.0,False
5.0,0.55,1.0,20,288,1686.69,21.96,59.0,7.77,18,94.0,False
5.0,0.55,1.0,50,100,901.31,28.05,59.5,8.25,17,118.0,False
5.0,0.55,1.0,50,200,1441.28,25.02,58.6,6.46,19,106.0,False
5.0,0.55,1.0,50,288,1022.05,32.39,55.9,5.49,16,112.0,False
5.0,0.55,1.15,10,100,701.85,25.14,52.9,5.19,17,108.0,False
5.0,0.55,1.15,10,200,888.75,22.3,56.8,8.07,17,95.0,False
5.0,0.55,1.15,10,288,1140.59,21.72,59.5,7.45,19,100.0,False
5.0,0.55,1.15,20,100,637.11,35.67,52.0,8.0,16,123.0,False
5.0,0.55,1.15,20,200,1072.65,23.73,55.9,3.68,19,107.0,False
5.0,0.55,1.15,20,288,658.96,29.61,50.7,8.84,16,112.0,False
5.0,0.55,1.15,50,100,258.86,66.24,46.3,0.0,10,147.0,False
5.0,0.55,1.15,50,200,654.14,46.18,52.9,6.85,14,125.0,False
5.0,0.55,1.15,50,288,366.8,42.66,48.5,1.57,14,132.0,False
5.0,0.55,1.35,10,100,321.74,46.3,50.2,7.41,14,112.0,False
5.0,0.55,1.35,10,200,718.49,20.17,51.5,6.22,15,106.0,False
5.0,0.55,1.35,10,288,506.03,37.89,48.5,0.96,14,110.0,False
5.0,0.55,1.35,20,100,525.9,26.87,50.2,1.83,16,132.0,False
5.0,0.55,1.35,20,200,467.27,33.54,48.5,1.9,13,122.0,False
5.0,0.55,1.35,20,288,309.64,36.23,44.5,1.12,13,131.0,False
5.0,0.55,1.35,50,100,-165.43,247.93,30.4,4.33,11,156.0,True
5.0,0.55,1.35,50,200,123.42,102.33,48.9,1.02,11,142.0,True
5.0,0.55,1.35,50,288,70.11,70.06,41.4,0.87,10,149.0,False
