atr_mult,rebound,vol_block,equity_stop,max_open,dd_pause_bars,atr_fast,e_final,e_dd,e_months,e_yup,e_tpy,e_peak,e_ruin
1.5,0.45,0.8,6.0,20,10,15,-1383.6227569615266,1120.633338255911,7.488986784140969,17,1431.8947368421052,12,True
1.5,0.45,0.8,6.0,40,10,15,-1482.941508312257,1255.9134907429943,7.929515418502203,17,1494.3157894736842,16,True
1.5,0.45,0.8,10.0,20,10,15,-1383.6419569615277,1120.7920724480132,7.488986784140969,17,1432.1052631578948,12,True
1.5,0.45,0.8,10.0,40,10,15,-1485.1836083122564,1278.2374273286625,7.929515418502203,17,1494.4736842105262,16,True
1.5,0.45,0.8,16.0,20,10,15,-1391.680406961526,1191.4487824398402,7.488986784140969,17,1431.8947368421052,12,True
1.5,0.45,0.8,16.0,40,10,15,-1460.1065868836877,1066.2577495650387,7.929515418502203,17,1493.6315789473683,16,True
1.5,0.45,1.0,6.0,20,10,15,-2543.2222509508874,2556.7108360981565,6.167400881057269,18,2063.5789473684213,11,True
1.5,0.45,1.0,6.0,40,10,15,-2566.4092609492104,2626.4067529027725,4.845814977973569,18,2101.0526315789475,16,True
1.5,0.45,1.0,10.0,20,10,15,-2547.3506509508898,2604.4080772965444,6.167400881057269,18,2063.3684210526317,11,True
1.5,0.45,1.0,10.0,40,10,15,-2570.384360949212,2630.3192529027738,4.845814977973569,18,2101.0526315789475,16,True
1.5,0.45,1.0,16.0,20,10,15,-2554.9464009508924,2611.874549071008,6.167400881057269,18,2063.5789473684213,11,True
1.5,0.45,1.0,16.0,40,10,15,-2574.3499109492122,2634.222353296475,4.845814977973569,18,2101.2631578947367,16,True
1.5,0.65,0.8,6.0,20,10,15,-1014.7333736385001,805.956188952983,12.334801762114537,17,1253.0526315789473,12,True
1.5,0.65,0.8,6.0,40,10,15,-1125.9368088907465,880.8501838727706,12.77533039647577,16,1322.2631578947369,16,True
1.5,0.65,0.8,10.0,20,10,15,-1019.3454236385005,832.6706230850789,12.334801762114537,17,1252.6315789473683,12,True
1.5,0.65,0.8,10.0,40,10,15,-1101.3778588907446,752.6687935792622,12.77533039647577,15,1321.6315789473683,16,True
1.5,0.65,0.8,16.0,20,10,15,-1029.2509164956462,896.4915056912805,12.334801762114537,17,1252.157894736842,12,True
1.5,0.65,0.8,16.0,40,10,15,-1101.3778588907446,752.6687935792622,12.77533039647577,15,1321.6315789473683,16,True
1.5,0.65,1.0,6.0,20,10,15,-2331.8922527282048,2395.24521992429,6.167400881057269,18,1813.842105263158,11,True
1.5,0.65,1.0,6.0,40,10,15,-2382.1580908775286,2453.9111569936094,4.845814977973569,18,1860.6315789473683,14,True
1.5,0.65,1.0,10.0,20,10,15,-2335.4090027282095,2398.70670216805,6.167400881057269,18,1813.6842105263158,11,True
1.5,0.65,1.0,10.0,40,10,15,-2386.147340877523,2457.85310363392,4.845814977973569,18,1860.6315789473683,14,True
1.5,0.65,1.0,16.0,20,10,15,-2345.427152728207,2408.56741115796,6.167400881057269,18,1813.6842105263158,11,True
1.5,0.65,1.0,16.0,40,10,15,-2388.444640877521,2460.123162922456,4.845814977973569,18,1860.842105263158,14,True
2.0,0.45,0.8,6.0,20,10,15,-673.7210245725045,367.92048311145885,19.823788546255507,13,1134.1052631578948,12,True
2.0,0.45,0.8,6.0,40,10,15,-797.4874159921546,425.1602285144792,18.06167400881057,13,1186.6315789473683,15,True
2.0,0.45,0.8,10.0,20,10,15,-678.1700245725043,374.54220981765377,19.823788546255507,13,1134.0,12,True
2.0,0.45,0.8,10.0,40,10,15,-814.3820493255014,456.6073432968201,18.06167400881057,13,1186.2631578947369,15,True
2.0,0.45,0.8,16.0,20,10,15,-688.4745198106,390.83420089102,19.823788546255507,13,1133.7894736842106,12,True
2.0,0.45,0.8,16.0,40,10,15,-819.6388493255018,467.3634627061812,18.06167400881057,13,1186.1052631578948,15,True
2.0,0.45,1.0,6.0,20,10,15,-1593.8705318707478,1663.369078370512,11.013215859030836,18,1556.1052631578948,10,True
2.0,0.45,1.0,6.0,40,10,15,-1637.7742322370361,1703.0693727041935,11.013215859030836,18,1583.6842105263158,14,True
2.0,0.45,1.0,10.0,20,10,15,-1596.1237318707476,1665.5772406918065,11.013215859030836,18,1556.2631578947369,10,True
2.0,0.45,1.0,10.0,40,10,15,-1642.1461655703679,1707.3471939696844,11.013215859030836,18,1583.6315789473683,14,True
2.0,0.45,1.0,16.0,20,10,15,-1600.3778652040796,1669.7463410541482,11.013215859030836,18,1556.1052631578948,10,True
2.0,0.45,1.0,16.0,40,10,15,-1643.843132237027,1709.00763102121,11.013215859030836,18,1583.9473684210527,14,True
2.0,0.65,0.8,6.0,20,10,15,-52.13455457581168,112.0326667633269,35.68281938325991,8,980.3157894736842,13,True
2.0,0.65,0.8,6.0,40,10,15,-153.41884941704507,131.71846962148956,31.718061674008812,9,1036.3684210526317,13,True
2.0,0.65,0.8,10.0,20,10,15,-56.206756956764366,113.0933538844677,35.24229074889868,8,980.4736842105264,13,True
2.0,0.65,0.8,10.0,40,10,15,-161.93900655991666,134.07389207272155,31.718061674008812,10,1036.2631578947369,13,True
2.0,0.65,0.8,16.0,20,10,15,-42.88194029009469,109.6668777815693,35.68281938325991,8,980.6842105263158,13,True
2.0,0.65,0.8,16.0,40,10,15,-166.90807322658384,135.48690677439467,31.718061674008812,10,1036.2105263157894,13,True
2.0,0.65,1.0,6.0,20,10,15,-1036.4660669606708,1119.8224062852566,16.299559471365637,15,1324.421052631579,10,True
2.0,0.65,1.0,6.0,40,10,15,-1095.0371439420053,1171.6116868316967,15.859030837004406,16,1357.578947368421,14,True
2.0,0.65,1.0,10.0,20,10,15,-1040.1463336273378,1123.439020541022,16.299559471365637,16,1324.0526315789473,10,True
2.0,0.65,1.0,10.0,40,10,15,-1097.7525439420042,1174.2686339941222,15.859030837004406,16,1357.4736842105262,14,True
2.0,0.65,1.0,16.0,20,10,15,-1047.7837717225766,1130.9443645811546,16.299559471365637,16,1324.421052631579,10,True
2.0,0.65,1.0,16.0,40,10,15,-1100.8773439419963,1177.3261682406896,15.859030837004406,16,1357.6842105263158,14,True
2.5,0.45,0.8,6.0,20,10,15,-30.194279454536968,107.93669567757908,35.68281938325991,7,894.0526315789474,11,True
2.5,0.45,0.8,6.0,40,10,15,-141.99144575491079,136.48127705456625,31.277533039647576,8,919.7368421052631,12,True
2.5,0.45,0.8,10.0,20,10,15,-41.52877231167929,111.16461498145999,35.68281938325991,6,894.3684210526316,11,True
2.5,0.45,0.8,10.0,40,10,15,-153.8703219453872,140.77121656454864,31.277533039647576,9,919.5263157894736,12,True
2.5,0.45,0.8,16.0,20,10,15,-59.99819612120373,116.85927763071038,35.68281938325991,6,894.2105263157895,11,True
2.5,0.45,0.8,16.0,40,10,15,-164.29184575491024,144.7632321793658,31.277533039647576,8,919.7368421052631,12,True
2.5,0.45,1.0,6.0,20,10,15,-832.9331962183527,914.5876795878262,16.299559471365637,16,1153.3684210526317,8,True
2.5,0.45,1.0,6.0,40,10,15,-835.5013791548464,916.2503549879198,17.62114537444934,16,1169.3157894736842,8,True
2.5,0.45,1.0,10.0,20,10,15,-836.4773628850197,918.0521631329551,16.299559471365637,16,1153.421052631579,8,True
2.5,0.45,1.0,10.0,40,10,15,-839.1059958215088,919.7702736126739,17.62114537444934,16,1169.578947368421,8,True
2.5,0.45,1.0,16.0,20,10,15,-841.4628628850184,922.9255746676557,16.299559471365637,16,1153.3684210526317,8,True
2.5,0.45,1.0,16.0,40,10,15,-844.1124124881687,924.6590540012338,17.62114537444934,16,1169.578947368421,8,True
2.5,0.65,0.8,6.0,20,10,15,625.4327631070742,25.18967928753143,52.863436123348016,11,756.6315789473684,14,False
2.5,0.65,0.8,6.0,40,10,15,514.855449173089,32.40934179303121,48.89867841409692,8,790.1052631578947,14,False
2.5,0.65,0.8,10.0,20,10,15,626.6610511107355,25.150591944536338,52.863436123348016,11,754.2105263157895,14,False
2.5,0.65,0.8,10.0,40,10,15,515.7092347042264,32.37297826852993,48.458149779735685,8,789.5263157894736,14,False
2.5,0.65,0.8,16.0,20,10,15,772.5114607719149,24.86536601152373,54.18502202643172,12,755.3157894736842,14,False
2.5,0.65,0.8,16.0,40,10,15,626.3166984488538,28.2645684251303,49.33920704845815,8,789.1052631578947,14,False
2.5,0.65,1.0,6.0,20,10,15,-120.36619632518406,134.812014052365,29.955947136563875,9,976.2105263157895,10,True
2.5,0.65,1.0,6.0,40,10,15,-170.3628769695157,151.50260132038974,28.634361233480178,10,995.9473684210526,10,True
2.5,0.65,1.0,10.0,20,10,15,-102.90689689336475,128.38087735192912,29.955947136563875,8,975.2105263157895,10,True
2.5,0.65,1.0,10.0,40,10,15,-151.43702545436093,143.36454345576058,28.634361233480178,10,995.1052631578947,10,True
2.5,0.65,1.0,16.0,20,10,15,-179.1080873695584,162.13932303345965,29.074889867841406,10,974.6315789473684,10,True
2.5,0.65,1.0,16.0,40,10,15,-228.54533468054842,183.53009382087018,27.75330396475771,11,994.4736842105264,10,True
3.0,0.45,0.8,6.0,20,10,15,575.8506382700533,27.65433371101198,50.66079295154186,10,701.7368421052631,9,False
3.0,0.45,0.8,6.0,40,10,15,535.8922735722567,31.22318642406143,50.66079295154186,12,717.0,9,False
3.0,0.45,0.8,10.0,20,10,15,511.08654816017497,30.129726331072494,48.458149779735685,10,700.2631578947369,9,False
3.0,0.45,0.8,10.0,40,10,15,523.8282816766656,31.719575650540673,48.01762114537445,11,714.7894736842105,9,False
3.0,0.45,0.8,16.0,20,10,15,714.301134781904,23.52290625113348,47.136563876651984,10,697.8421052631579,9,False
3.0,0.45,0.8,16.0,40,10,15,658.6947111555345,26.9328338684117,48.01762114537445,11,714.421052631579,9,False
3.0,0.45,1.0,6.0,20,10,15,-114.4755660339213,182.32924878874667,35.24229074889868,10,868.0526315789474,6,True
3.0,0.45,1.0,6.0,40,10,15,-112.65533169326622,182.26707269900535,35.68281938325991,11,874.3684210526316,6,True
3.0,0.45,1.0,10.0,20,10,15,-118.57576603392835,187.58243412595317,35.24229074889868,11,868.2631578947369,6,True
3.0,0.45,1.0,10.0,40,10,15,-117.32878883612426,188.262877000939,35.68281938325991,11,874.421052631579,6,True
3.0,0.45,1.0,16.0,20,10,15,-124.92912317678628,196.34823519772056,35.24229074889868,11,867.8947368421053,6,True
3.0,0.45,1.0,16.0,40,10,15,-123.16483169325878,196.3278196285836,35.68281938325991,11,874.6842105263158,6,True
3.0,0.65,0.8,6.0,20,10,15,1278.725045213134,24.185341669246252,74.00881057268722,18,593.2631578947369,10,False
3.0,0.65,0.8,6.0,40,10,15,1276.322033824533,25.000911390669085,71.80616740088107,18,611.1052631578947,10,False
3.0,0.65,0.8,10.0,20,10,15,1344.7241607434655,23.286816011003232,70.92511013215858,18,587.0526315789474,10,False
3.0,0.65,0.8,10.0,40,10,15,1373.7946143274,23.41586744444697,70.48458149779736,18,611.2631578947369,10,False
3.0,0.65,0.8,16.0,20,10,15,1641.7817132534437,23.095211455311958,67.84140969162996,17,578.0,10,False
3.0,0.65,0.8,16.0,40,10,15,1290.6020995130486,26.60221469548354,66.51982378854625,17,609.3684210526316,10,False
3.0,0.65,1.0,6.0,20,10,15,839.7536394522484,41.54261318364977,56.82819383259912,16,725.8947368421053,9,False
3.0,0.65,1.0,6.0,40,10,15,835.8042581335651,41.54261318364977,57.268722466960355,15,737.7368421052631,9,False
3.0,0.65,1.0,10.0,20,10,15,712.1422166833366,45.25656178772704,55.50660792951542,16,724.8947368421053,9,False
3.0,0.65,1.0,10.0,40,10,15,724.4359365551376,47.80178675777847,55.947136563876654,15,737.3157894736842,9,False
3.0,0.65,1.0,16.0,20,10,15,825.7279516150686,24.442819655920406,55.06607929515418,17,728.8947368421053,11,False
3.0,0.65,1.0,16.0,40,10,15,664.1321586080809,48.79571132015716,54.18502202643172,15,739.1052631578947,11,False
3.5,0.45,0.8,6.0,20,10,15,1088.152075636136,25.143976226332875,71.36563876651982,15,554.0526315789474,8,False
3.5,0.45,0.8,6.0,40,10,15,1042.7672596639227,25.10743938047065,70.48458149779736,14,568.0,8,False
3.5,0.45,0.8,10.0,20,10,15,1120.4292819249986,24.54644383538551,69.16299559471366,15,546.2631578947369,8,False
3.5,0.45,0.8,10.0,40,10,15,1014.1433756750064,26.608868468234565,67.84140969162996,14,564.7894736842105,8,False
3.5,0.45,0.8,16.0,20,10,15,1315.064065933322,18.422087438688973,65.19823788546255,15,551.7894736842105,8,False
3.5,0.45,0.8,16.0,40,10,15,1267.3051633740765,27.73453658980822,64.75770925110133,14,567.421052631579,8,False
3.5,0.45,1.0,6.0,20,10,15,342.1265397144611,54.28675154194038,49.77973568281938,12,664.0,8,False
3.5,0.45,1.0,6.0,40,10,15,354.7409980478021,54.28675154194038,51.10132158590308,12,677.7368421052631,8,False
3.5,0.45,1.0,10.0,20,10,15,383.21528971447714,52.6354946227636,50.22026431718062,11,664.1578947368421,8,False
3.5,0.45,1.0,10.0,40,10,15,391.2411480478215,52.6354946227636,50.66079295154186,11,677.5263157894736,8,False
3.5,0.45,1.0,16.0,20,10,15,279.0133905157543,66.74221491289583,47.136563876651984,12,665.1578947368421,8,False
3.5,0.45,1.0,16.0,40,10,15,270.8699020542275,66.74221491289583,48.01762114537445,12,678.7894736842105,8,False
3.5,0.65,0.8,6.0,20,10,15,1731.4100490627882,20.74525450454837,81.4977973568282,19,460.57894736842104,10,False
3.5,0.65,0.8,6.0,40,10,15,1666.9810891220418,23.511280062144525,81.05726872246696,19,480.57894736842104,10,False
3.5,0.65,0.8,10.0,20,10,15,1746.386351374342,20.692181713351385,82.37885462555066,19,465.1578947368421,10,False
3.5,0.65,0.8,10.0,40,10,15,1624.7842736305795,21.83987903673701,79.29515418502203,19,476.94736842105266,10,False
3.5,0.65,0.8,16.0,20,10,15,2199.4898818133697,19.42327376510532,76.65198237885463,19,453.7368421052632,10,False
3.5,0.65,0.8,16.0,40,10,15,1846.5111073912421,23.31653116055465,76.2114537444934,19,477.05263157894734,10,False
3.5,0.65,1.0,6.0,20,10,15,1158.9531645250966,34.946202397653124,70.04405286343612,18,553.3157894736842,8,False
3.5,0.65,1.0,6.0,40,10,15,1168.3348314054274,34.946202397653124,70.48458149779736,18,569.0,8,False
3.5,0.65,1.0,10.0,20,10,15,1198.7551573135663,24.60863972926036,67.40088105726872,19,552.2105263157895,8,False
3.5,0.65,1.0,10.0,40,10,15,1247.392107954576,24.60863972926036,69.60352422907489,19,564.3684210526316,8,False
3.5,0.65,1.0,16.0,20,10,15,1080.9003956585502,21.444640435763812,63.436123348017624,18,560.4736842105264,8,False
3.5,0.65,1.0,16.0,40,10,15,1160.3854886072422,21.444640435763812,66.07929515418502,18,566.578947368421,8,False
4.0,0.45,0.8,6.0,20,10,15,1505.2803163170665,23.06020608531007,77.09251101321586,18,437.4736842105263,8,False
4.0,0.45,0.8,6.0,40,10,15,1480.0480433733567,23.06020608531007,77.5330396475771,18,454.6842105263158,9,False
4.0,0.45,0.8,10.0,20,10,15,1405.1232915973278,20.215426057702164,72.68722466960352,18,432.42105263157896,7,False
4.0,0.45,0.8,10.0,40,10,15,1368.8903877012285,20.215426057702164,73.12775330396477,18,451.89473684210526,9,False
4.0,0.45,0.8,16.0,20,10,15,1659.7274618437305,24.526120110250112,66.51982378854625,18,432.0,7,False
4.0,0.45,0.8,16.0,40,10,15,1693.418865778715,26.518180112957353,68.28193832599119,18,451.4736842105263,9,False
4.0,0.45,1.0,6.0,20,10,15,909.968702103474,16.91021262313168,65.63876651982379,18,518.7368421052631,7,False
4.0,0.45,1.0,6.0,40,10,15,914.4297306749158,16.91021262313168,67.40088105726872,18,528.2105263157895,7,False
4.0,0.45,1.0,10.0,20,10,15,888.1283480852932,22.74261645970271,62.99559471365639,17,514.2105263157895,7,False
4.0,0.45,1.0,10.0,40,10,15,892.0516623710148,22.74261645970271,64.75770925110133,17,524.7894736842105,7,False
4.0,0.45,1.0,16.0,20,10,15,1029.6299042402254,26.658880076138193,62.99559471365639,16,514.0,7,False
4.0,0.45,1.0,16.0,40,10,15,988.5993899545199,26.658880076138193,64.75770925110133,16,524.4736842105264,7,False
4.0,0.65,0.8,6.0,20,10,15,2157.395882900498,15.689312316834522,88.54625550660793,19,372.8421052631579,7,False
4.0,0.65,0.8,6.0,40,10,15,2135.2236047952833,15.689312316834522,87.22466960352423,19,383.4736842105263,9,False
4.0,0.65,0.8,10.0,20,10,15,1988.2011092852042,22.0035618631103,79.29515418502203,19,353.1578947368421,7,False
4.0,0.65,0.8,10.0,40,10,15,1984.612479847984,19.264961639294366,82.81938325991189,19,380.2631578947368,7,False
4.0,0.65,0.8,16.0,20,10,15,2340.4688163503256,15.52634264232875,78.41409691629956,19,360.2631578947368,8,False
4.0,0.65,0.8,16.0,40,10,15,2338.460220329713,18.417049454148504,80.61674008810573,19,386.0,8,False
4.0,0.65,1.0,6.0,20,10,15,1487.9437496559167,15.202178370908301,74.8898678414097,19,436.5263157894737,8,False
4.0,0.65,1.0,6.0,40,10,15,1491.0711639416318,15.202178370908301,76.2114537444934,19,445.0,8,False
4.0,0.65,1.0,10.0,20,10,15,1464.0008739649418,17.980631407041518,70.92511013215858,19,434.5263157894737,7,False
4.0,0.65,1.0,10.0,40,10,15,1524.7161453935273,17.980631407041518,73.568281938326,19,442.10526315789474,7,False
4.0,0.65,1.0,16.0,20,10,15,1406.7924205794718,20.277394092013658,66.96035242290749,19,425.89473684210526,7,False
4.0,0.65,1.0,16.0,40,10,15,1550.994447585783,20.277394092013658,69.16299559471366,19,434.10526315789474,7,False
4.5,0.45,0.8,6.0,20,10,15,1523.1021946803198,20.209889214561922,80.61674008810573,19,378.4736842105263,7,False
4.5,0.45,0.8,6.0,40,10,15,1532.4382155594471,20.209889214561922,81.4977973568282,19,381.89473684210526,7,False
4.5,0.45,0.8,10.0,20,10,15,1630.2567999625564,11.926883761397109,72.68722466960352,19,367.2631578947368,7,False
4.5,0.45,0.8,10.0,40,10,15,1564.1293279845304,13.959324876348909,73.568281938326,19,372.6842105263158,7,False
4.5,0.45,0.8,16.0,20,10,15,1714.2230377247854,14.928213530093487,69.60352422907489,19,360.5263157894737,7,False
4.5,0.45,0.8,16.0,40,10,15,1624.5723633991201,19.383604463801625,69.16299559471366,19,368.10526315789474,7,False
4.5,0.45,1.0,6.0,20,10,15,1109.800508778731,17.440351073714652,70.04405286343612,19,425.36842105263156,6,False
4.5,0.45,1.0,6.0,40,10,15,1102.5087747128082,17.440351073714652,71.36563876651982,19,428.1578947368421,6,False
4.5,0.45,1.0,10.0,20,10,15,1250.1519277347943,17.820702641218084,62.55506607929515,19,419.5263157894737,9,False
4.5,0.45,1.0,10.0,40,10,15,1268.675596141398,17.820702641218084,64.75770925110133,19,421.5263157894737,9,False
4.5,0.45,1.0,16.0,20,10,15,1324.5415251935945,18.236562330011292,64.75770925110133,19,415.0,9,False
4.5,0.45,1.0,16.0,40,10,15,1318.1809116633915,18.236562330011292,65.19823788546255,19,421.05263157894734,9,False
4.5,0.65,0.8,6.0,20,10,15,2354.0144156343713,14.036135737590305,89.42731277533039,19,323.2631578947368,8,False
4.5,0.65,0.8,6.0,40,10,15,2367.9670516920605,14.036135737590305,91.18942731277532,19,329.7368421052632,8,False
4.5,0.65,0.8,10.0,20,10,15,2470.437767763522,11.733618949119382,87.22466960352423,19,313.5263157894737,9,False
4.5,0.65,0.8,10.0,40,10,15,2460.4857363823853,16.29316550984471,88.54625550660793,19,322.8421052631579,9,False
4.5,0.65,0.8,16.0,20,10,15,2487.8971728022025,14.146664219050049,78.8546255506608,19,310.8421052631579,9,False
4.5,0.65,0.8,16.0,40,10,15,2374.136328234288,18.928027186650557,81.05726872246696,19,319.10526315789474,9,False
4.5,0.65,1.0,6.0,20,10,15,1892.2675742569743,13.115187368994924,78.8546255506608,19,354.42105263157896,7,False
4.5,0.65,1.0,6.0,40,10,15,1920.6843847964412,13.115187368994924,79.73568281938326,19,358.89473684210526,6,False
4.5,0.65,1.0,10.0,20,10,15,1966.06460748626,13.225679764214679,81.4977973568282,19,348.8421052631579,8,False
4.5,0.65,1.0,10.0,40,10,15,1874.448136382344,13.225679764214679,79.29515418502203,19,353.1578947368421,8,False
4.5,0.65,1.0,16.0,20,10,15,1653.7627083541397,19.24678735345128,67.40088105726872,19,332.05263157894734,7,False
4.5,0.65,1.0,16.0,40,10,15,1644.68315872877,19.24678735345128,67.40088105726872,19,341.6842105263158,6,False
